Name,Latitude,Longitude,Status,Description,Description_NO,Company,Municipality,Volume,StartYear,Image1,Image1_Caption,Image2,Image2_Caption,Document1,Document1_Title,GoogleMapsLink
Eksempel Massedeponi,59.9669,11.0456,active,"Large fill operation handling construction waste from Oslo. Located near agricultural land with reported runoff issues.<br><br>Environmental monitoring ongoing since 2020.","Stort deponi som håndterer bygningsavfall fra Oslo. Ligger nær jordbruksland med rapporterte avrenningsproblemer.<br><br>Miljøovervåking pågår siden 2020.",Masseflyt AS,Lillestrøm,450000,2018,media/example1.jpg,Aerial view 2023,media/example2.jpg,Ground level,docs/permit-example.pdf,Environmental Permit,https://goo.gl/maps/example1
Steinbrudd Nord,60.0123,11.1234,active,"Active quarry operation extracting gravel and stone. Trucks observed daily on local roads.","Aktivt steinbrudd som utvinner grus og stein. Lastebiler observert daglig på lokale veier.",GrusTrans AS,Nes,280000,2015,media/quarry1.jpg,Quarry overview,,,docs/license.pdf,Operating License,https://goo.gl/maps/example2
Nedlagt Deponi Sør,59.8567,10.9876,inactive,"Former landfill closed in 2019. Now being monitored for methane emissions.","Tidligere deponi stengt i 2019. Overvåkes nå for metanutslipp.",Kommune,Lørenskog,120000,2005,,,,,,Closure Report,https://goo.gl/maps/example3
Mistenkt Ulovlig Tipp,59.9234,11.2345,illegal,"Reports of unauthorized dumping observed by local residents. Under investigation by Statsforvalteren.<br><br>No permits on record.","Rapporter om uautorisert tipping observert av lokale beboere. Under etterforskning av Statsforvalteren.<br><br>Ingen tillatelser registrert.",,Aurskog-Høland,,,media/illegal1.jpg,Unauthorized dump site,,,,,https://goo.gl/maps/example4
